week_ending,client_id,client_name,place_name,is_client,place_id,total_reviews,rating,new_reviews,days_in_period,rank_by_total,rank_by_new,streak_weeks,pace_per_week,status
2026-10-05T01:01:35.760Z,kemp-kerrigan-opticians,Kemp & Kerrigan Opticians,Kemp & Kerrigan Opticians,yes,ChIJ1ZvvVgCBeUgRqcCb0rHUDLI,23,5,0,6,11,11,0,0,ok
2026-10-05T01:01:35.760Z,kemp-kerrigan-opticians,Kemp & Kerrigan Opticians,Martyn Kemp Opticians (4.5mi),no,ChIJU810U1h4eUgR200onRs8cRI,25,4.5,0,6,10,10,0,0,ok
2026-10-05T01:01:35.760Z,kemp-kerrigan-opticians,Kemp & Kerrigan Opticians,Sheffield Vision Centre,no,ChIJs4v883aCeUgRQTNYM4M3MBQ,29,4.9,1,6,7,2,2,1,ok
2026-10-05T01:01:35.760Z,kemp-kerrigan-opticians,Kemp & Kerrigan Opticians,Premier Eyecare Opticians Sheffield,no,ChIJJypqR5N4eUgR3FByjSTsBh0,28,4.9,0,6,8,9,0,0.5,ok
2026-10-05T01:01:35.760Z,kemp-kerrigan-opticians,Kemp & Kerrigan Opticians,Harveys Opticians,no,ChIJWyp6wGKCeUgRgVScnxZh_28,28,4.8,0,6,9,8,0,0,ok
2026-10-05T01:01:35.760Z,kemp-kerrigan-opticians,Kemp & Kerrigan Opticians,Martin Johnson Opticians Ltd,no,ChIJKaT7tOp4eUgRCnIta4ae73A,41,4.6,0,6,6,7,0,3.5,ok
2026-10-05T01:01:35.760Z,kemp-kerrigan-opticians,Kemp & Kerrigan Opticians,Alex Gage Family Optometrist (Sheffield),no,ChIJfzmz3HSCeUgRJsr4_0QD86E,54,4.9,0,6,5,6,0,0,ok
2026-10-05T01:01:35.760Z,kemp-kerrigan-opticians,Kemp & Kerrigan Opticians,David Inman Bespoke Opticians (1.6mi),no,ChIJAZaWbhaCeUgRmWFBFovLrto,57,4.8,0,6,4,5,0,0.5,ok
2026-10-05T01:01:35.760Z,kemp-kerrigan-opticians,Kemp & Kerrigan Opticians,David Inman Bespoke Opticians (2mi),no,ChIJh_iRSAuCeUgR5wP9mZLoP4E,61,4.9,2,6,3,1,2,2,ok
2026-10-05T01:01:35.760Z,kemp-kerrigan-opticians,Kemp & Kerrigan Opticians,Bird Opticians,no,ChIJe6OIEIKCeUgRAAoaGmo_Y68,64,4.8,0,6,2,4,0,0.5,ok
2026-10-05T01:01:35.760Z,kemp-kerrigan-opticians,Kemp & Kerrigan Opticians,Lorraine Bonete Opticians,no,ChIJjzLae4uDeUgRljOwiL8z3QU,79,5,0,6,1,3,0,0.5,ok
2026-10-05T01:01:35.760Z,murgatroyd-holmes-opticians,Murgatroyd Holmes Opticians,Murgatroyd Holmes Opticians,yes,ChIJHbD_FLubeUgRvos7zInLEm0,28,5,2,6,4,2,1,1,ok
2026-10-05T01:01:35.760Z,murgatroyd-holmes-opticians,Murgatroyd Holmes Opticians,Elliott & Heath Opticians and Audiologists,no,ChIJf4shtjqFeUgRaIEqMy3cru0,35,4.7,0,6,3,4,0,0,ok
2026-10-05T01:01:35.760Z,murgatroyd-holmes-opticians,Murgatroyd Holmes Opticians,Parker Opticians,no,ChIJM1M5b-qZeUgRzdmRq0NRK9I,83,4.9,4,6,2,1,2,3.5,ok
2026-10-05T01:01:35.760Z,murgatroyd-holmes-opticians,Murgatroyd Holmes Opticians,Insight Opticians,no,ChIJ_VrTJjeFeUgRR-xNjCdtCMk,108,5,0,6,1,3,0,0,ok
2026-10-05T01:01:35.760Z,murgatroyd-holmes-opticians,Murgatroyd Holmes Opticians,Oculi Opticians,no,ChIJI7dXEMWFeUgR9YN8jf3-ZQc,23,5,0,6,5,5,0,0,ok
2026-10-05T01:01:35.760Z,murgatroyd-holmes-opticians,Murgatroyd Holmes Opticians,Watson & Jenkins Opticians Ltd,no,ChIJP380ZjeFeUgRyjZJTcs382E,21,4.6,0,6,6,6,0,0,ok
2026-10-05T01:01:35.760Z,murgatroyd-holmes-opticians,Murgatroyd Holmes Opticians,Portland Optical Group (Clowne),no,ChIJu6_iO-CYeUgRyrqYua_esYE,8,5,0,6,7,7,0,0,ok
2026-10-05T01:01:35.760Z,murgatroyd-opticians-ltd,Murgatroyd Opticians Ltd,Murgatroyd Opticians Ltd,yes,ChIJQwZWJ05zeUgRQ714j_cNuSM,12,4.9,1,6,7,2,1,0.5,ok
2026-10-05T01:01:35.760Z,murgatroyd-opticians-ltd,Murgatroyd Opticians Ltd,T English Opticians,no,ChIJUdUfea51eUgR9tfX5Fuxdn0,11,4.2,0,6,8,8,0,0,ok
2026-10-05T01:01:35.760Z,murgatroyd-opticians-ltd,Murgatroyd Opticians Ltd,Priority Eyecare,no,ChIJ7Z3iX9ANeUgRPi_c6Z-jkpE,16,5,0,6,6,7,0,0,ok
2026-10-05T01:01:35.760Z,murgatroyd-opticians-ltd,Murgatroyd Opticians Ltd,Parkhurst and Co Styling Opticians (Mexborough),no,ChIJOaFZLbxzeUgRDMzyAp3OWdE,22,4.8,1,6,5,1,1,0.5,ok
2026-10-05T01:01:35.760Z,murgatroyd-opticians-ltd,Murgatroyd Opticians Ltd,Moorhouse Opticians,no,ChIJowdhiaJzeUgR71WBv8ktbTA,39,5,0,6,4,6,0,0,ok
2026-10-05T01:01:35.760Z,murgatroyd-opticians-ltd,Murgatroyd Opticians Ltd,Wickersley Eye Clinic,no,ChIJ14hlG651eUgRlKygWMbRsXs,47,4.9,0,6,3,5,0,0,ok
2026-10-05T01:01:35.760Z,murgatroyd-opticians-ltd,Murgatroyd Opticians Ltd,Staples Opticians & Hearing Care,no,ChIJv3h2FnBxeUgR_LSl2KObTzA,91,4.9,0,6,2,4,0,0,ok
2026-10-05T01:01:35.760Z,murgatroyd-opticians-ltd,Murgatroyd Opticians Ltd,Cotler & Bell Opticians,no,ChIJmVWDaNANeUgRWTnO4aRrRY0,101,4.8,0,6,1,3,0,0,ok
2026-10-05T01:01:35.760Z,murgatroyd-opticians-ltd,Murgatroyd Opticians Ltd,Dudley & Severn Opticians,no,ChIJOzbSYd4KeUgRFQlQhdWA86I,10,4.9,0,6,9,9,0,0,ok
2026-10-05T01:01:35.760Z,murgatroyd-opticians-ltd,Murgatroyd Opticians Ltd,BRUMPTON OPTICIANS LTD,no,ChIJJ2nHst4KeUgRGh3ajwA0Gg4,9,4.4,0,6,11,10,0,0,ok
2026-10-05T01:01:35.760Z,murgatroyd-opticians-ltd,Murgatroyd Opticians Ltd,Martyn Kemp Opticians,no,ChIJTw4EG7J2eUgRrxaHKXorEDg,9,4.6,0,6,10,11,0,0,ok
